n_samples,rmse_log,bias_log,correlation,correlation_log,mad,spearman_rho,spearman_log_rho,spearman_p,kendall_rho,kendall_p,efio,ks,radius_g,flow_multiplier
58,3.0993929987704747,-2.707671638764286,0.5654864949466103,0.34286303172164234,0.6531258267231772,0.21791044379916108,0.21791044379916108,0.10033257946144741,0.18206631226104159,0.09993109432936396,10000000.0,0.01,10.0,1.0
58,3.1008860208601297,-2.7127425744600053,0.5654864949466104,0.3428630317216424,0.6531258267231772,0.21791044379916108,0.21791044379916108,0.10033257946144741,0.18206631226104159,0.09993109432936396,10000000.0,0.05,10.0,1.0
58,3.103424290970873,-2.7190749782707866,0.5654864949466102,0.3428630317216423,0.6531258267231772,0.21791044379916108,0.21791044379916108,0.10033257946144741,0.18206631226104159,0.09993109432936396,10000000.0,0.1,10.0,1.0
58,3.1036614566586582,-2.71958545110058,0.5654864949466103,0.34286303172164234,0.6531258267231772,0.21791044379916108,0.21791044379916108,0.10033257946144741,0.18206631226104159,0.09993109432936396,5000000.0,0.01,10.0,1.0
58,3.1062735561182206,-2.724643752931264,0.5654864949466104,0.34286303172164234,0.6531258267231772,0.21791044379916108,0.21791044379916108,0.10033257946144741,0.18206631226104159,0.09993109432936396,5000000.0,0.05,10.0,1.0
58,3.1101981729614514,-2.7309541743674712,0.5654864949466102,0.34286303172164234,0.6531258267231772,0.21791044379916108,0.21791044379916108,0.10033257946144741,0.18206631226104159,0.09993109432936396,5000000.0,0.1,10.0,1.0
58,3.110714935493015,-2.7317060186911877,0.5654864949466103,0.3428630317216424,0.6531258267231772,0.21791044379916108,0.21791044379916108,0.10033257946144741,0.18206631226104159,0.09993109432936396,10000000.0,0.2,10.0,1.0
58,3.120193027753385,-2.743508166312552,0.5654864949466103,0.34286303172164223,0.6310453788302925,0.21791044379916108,0.21791044379916108,0.10033257946144741,0.18206631226104159,0.09993109432936396,5000000.0,0.2,10.0,1.0
58,3.123527810444733,-2.7470411960016854,0.5654864949466106,0.3428630317216424,0.6310453788302925,0.21791044379916108,0.21791044379916108,0.10033257946144741,0.18206631226104159,0.09993109432936396,1000000.0,0.01,10.0,1.0
58,3.123527810444733,-2.7470411960016854,0.5654864949466106,0.3428630317216424,0.6310453788302925,0.21791044379916108,0.21791044379916108,0.10033257946144741,0.18206631226104159,0.09993109432936396,10000000.0,0.01,10.0,10.0
58,3.1285934259805215,-2.752000664217876,0.5654864949466104,0.3428630317216423,0.6160718406463164,0.21791044379916108,0.21791044379916108,0.10033257946144741,0.18206631226104159,0.09993109432936396,1000000.0,0.05,10.0,1.0
58,3.1285934259805215,-2.752000664217876,0.5654864949466104,0.3428630317216423,0.6160718406463164,0.21791044379916108,0.21791044379916108,0.10033257946144741,0.18206631226104159,0.09993109432936396,10000000.0,0.05,10.0,10.0
58,3.1354838459823795,-2.7581406288544126,0.5654864949466104,0.34286303172164234,0.6160718406463164,0.21791044379916108,0.21791044379916108,0.10033257946144741,0.18206631226104159,0.09993109432936396,1000000.0,0.1,10.0,1.0
58,3.1354838459823795,-2.7581406288544126,0.5654864949466104,0.34286303172164234,0.6160718406463164,0.21791044379916108,0.21791044379916108,0.10033257946144741,0.18206631226104159,0.09993109432936396,10000000.0,0.1,10.0,10.0
58,3.1360652311244714,-2.758632403429934,0.5654864949466106,0.3428630317216423,0.6160718406463164,0.21791044379916108,0.21791044379916108,0.10033257946144741,0.18206631226104159,0.09993109432936396,5000000.0,0.01,10.0,10.0
58,3.1420212280615534,-2.763473666133267,0.5654864949466104,0.3428630317216423,0.6531258267231772,0.21791044379916108,0.21791044379916108,0.10033257946144741,0.18206631226104159,0.09993109432936396,5000000.0,0.05,10.0,10.0
58,3.1488688654177097,-2.768660451225638,0.5654864949466103,0.34286303172164234,0.6531258267231772,0.21791044379916108,0.21791044379916108,0.10033257946144741,0.18206631226104159,0.09993109432936396,10000000.0,0.5,10.0,1.0
58,3.1499025906069713,-2.7694132101391773,0.5654864949466104,0.34286303172164234,0.6531258267231772,0.21791044379916108,0.21791044379916108,0.10033257946144741,0.18206631226104159,0.09993109432936396,5000000.0,0.1,10.0,10.0
58,3.1508709276415834,-2.7701117792512253,0.5654864949466104,0.34286303172164223,0.6531258267231772,0.21791044379916108,0.21791044379916108,0.10033257946144741,0.18206631226104159,0.09993109432936396,1000000.0,0.2,10.0,1.0
58,3.1508709276415834,-2.7701117792512253,0.5654864949466104,0.34286303172164223,0.6531258267231772,0.21791044379916108,0.21791044379916108,0.10033257946144741,0.18206631226104159,0.09993109432936396,10000000.0,0.2,10.0,10.0
58,3.1645411925236306,-2.7793827820552357,0.5654864949466103,0.34286303172164234,0.6531258267231772,0.21791044379916108,0.21791044379916108,0.10033257946144741,0.18206631226104159,0.09993109432936396,5000000.0,0.5,10.0,1.0
58,3.166654244925695,-2.780730290065861,0.5654864949466104,0.34286303172164234,0.6531258267231772,0.21791044379916108,0.21791044379916108,0.10033257946144741,0.18206631226104159,0.09993109432936396,5000000.0,0.2,10.0,10.0
58,3.1714989437105583,-2.7837462995209568,0.5654864949466104,0.3428630317216423,0.6531258267231772,0.21791044379916108,0.21791044379916108,0.10033257946144741,0.18206631226104159,0.09993109432936396,1000000.0,0.01,10.0,10.0
58,3.1714989437105583,-2.7837462995209568,0.5654864949466104,0.3428630317216423,0.6531258267231772,0.21791044379916108,0.21791044379916108,0.10033257946144741,0.18206631226104159,0.09993109432936396,10000000.0,0.01,10.0,100.0
58,3.17828264771128,-2.7878130705870943,0.5654864949466103,0.3428630317216423,0.6531258267231772,0.21791044379916108,0.21791044379916108,0.10033257946144741,0.18206631226104159,0.09993109432936396,1000000.0,0.05,10.0,10.0
58,3.17828264771128,-2.7878130705870943,0.5654864949466103,0.3428630317216423,0.6531258267231772,0.21791044379916108,0.21791044379916108,0.10033257946144741,0.18206631226104159,0.09993109432936396,10000000.0,0.05,10.0,100.0
58,3.1865010541822936,-2.7925250622067823,0.5654864949466103,0.34286303172164234,0.6531258267231772,0.21791044379916108,0.21791044379916108,0.10033257946144741,0.18206631226104159,0.09993109432936396,1000000.0,0.1,10.0,10.0
58,3.1865010541822936,-2.7925250622067823,0.5654864949466102,0.34286303172164234,0.6531258267231772,0.21791044379916108,0.21791044379916108,0.10033257946144741,0.18206631226104159,0.09993109432936396,10000000.0,0.1,10.0,100.0
58,3.1871445743959823,-2.792884997717748,0.5654864949466104,0.34286303172164223,0.6531258267231772,0.21791044379916108,0.21791044379916108,0.10033257946144741,0.18206631226104159,0.09993109432936396,5000000.0,0.01,10.0,100.0
58,3.193314541461665,-2.7962749871044497,0.5654864949466103,0.3428630317216423,0.6531258267231772,0.21791044379916108,0.21791044379916108,0.10033257946144741,0.18206631226104159,0.09993109432936396,5000000.0,0.05,10.0,100.0
58,3.199506690207672,-2.7995735633098455,0.5654864949466101,0.3428630317216423,0.6531258267231772,0.21791044379916108,0.21791044379916108,0.10033257946144741,0.18206631226104159,0.09993109432936396,1000000.0,0.5,10.0,1.0
58,3.199506690207672,-2.7995735633098455,0.5654864949466101,0.3428630317216423,0.6531258267231772,0.21791044379916108,0.21791044379916108,0.10033257946144741,0.18206631226104159,0.09993109432936396,10000000.0,0.5,10.0,10.0
58,3.200362438854923,-2.80002180868043,0.5654864949466102,0.3428630317216423,0.6531258267231772,0.21791044379916108,0.21791044379916108,0.10033257946144741,0.18206631226104159,0.09993109432936396,5000000.0,0.1,10.0,100.0
58,3.2011459863597493,-2.800430676270878,0.5654864949466103,0.34286303172164223,0.6531258267231772,0.21791044379916108,0.21791044379916108,0.10033257946144741,0.18206631226104159,0.09993109432936396,1000000.0,0.2,10.0,10.0
58,3.2011459863597493,-2.800430676270878,0.5654864949466103,0.34286303172164223,0.6531258267231772,0.21791044379916108,0.21791044379916108,0.10033257946144741,0.18206631226104159,0.09993109432936396,10000000.0,0.2,10.0,100.0
58,3.210482523728497,-2.8051938600275728,0.5654864949466101,0.34286303172164234,0.6531258267231772,0.21791044379916108,0.21791044379916108,0.10033257946144741,0.18206631226104159,0.09993109432936396,5000000.0,0.5,10.0,10.0
58,3.211663933925375,-2.805783011419234,0.5654864949466103,0.3428630317216423,0.6531258267231772,0.21791044379916108,0.21791044379916108,0.10033257946144741,0.18206631226104159,0.09993109432936396,5000000.0,0.2,10.0,100.0
58,3.2141405819269284,-2.807008762681241,0.5654864949466103,0.34286303172164245,0.6531258267231772,0.21791044379916108,0.21791044379916108,0.10033257946144741,0.18206631226104159,0.09993109432936396,1000000.0,0.01,10.0,100.0
58,3.2171154887008147,-2.8084649172852556,0.5654864949466103,0.3428630317216424,0.6531258267231772,0.21791044379916108,0.21791044379916108,0.10033257946144741,0.18206631226104159,0.09993109432936396,1000000.0,0.05,10.0,100.0
58,3.220056937858822,-2.809887933547066,0.5654864949466103,0.34286303172164223,0.6531258267231772,0.21791044379916108,0.21791044379916108,0.10033257946144741,0.18206631226104159,0.09993109432936396,1000000.0,0.1,10.0,100.0
58,3.223533686152566,-2.811549258572129,0.5654864949466104,0.3428630317216423,0.6531258267231772,0.21791044379916108,0.21791044379916108,0.10033257946144741,0.18206631226104159,0.09993109432936396,1000000.0,0.5,10.0,10.0
58,3.223533686152566,-2.811549258572129,0.5654864949466104,0.3428630317216423,0.6531258267231772,0.21791044379916108,0.21791044379916108,0.10033257946144741,0.18206631226104159,0.09993109432936396,10000000.0,0.5,10.0,100.0
58,3.2238884400312884,-2.8117175501626424,0.5654864949466103,0.34286303172164234,0.6531258267231772,0.21791044379916108,0.21791044379916108,0.10033257946144741,0.18206631226104159,0.09993109432936396,1000000.0,0.2,10.0,100.0
58,3.2256239759931242,-2.8125376780991616,0.5654864949466104,0.3428630317216424,0.6531258267231772,0.21791044379916108,0.21791044379916108,0.10033257946144741,0.18206631226104159,0.09993109432936396,5000000.0,0.5,10.0,100.0
58,3.2273996126752906,-2.8133713533565667,0.5654864949466103,0.3428630317216423,0.6531258267231772,0.21791044379916108,0.21791044379916108,0.10033257946144741,0.18206631226104159,0.09993109432936396,1000000.0,0.5,10.0,100.0
58,3.2278591350217023,-2.8135862266319758,,,0.6531258267231772,0.0,0.0,,0.0,,1000000.0,0.01,5.0,1.0
58,3.2278591350217023,-2.8135862266319758,,,0.6531258267231772,0.0,0.0,,0.0,,1000000.0,0.01,5.0,10.0
58,3.2278591350217023,-2.8135862266319758,,,0.6531258267231772,0.0,0.0,,0.0,,1000000.0,0.01,5.0,100.0
58,3.2278591350217023,-2.8135862266319758,,,0.6531258267231772,0.0,0.0,,0.0,,1000000.0,0.05,5.0,1.0
58,3.2278591350217023,-2.8135862266319758,,,0.6531258267231772,0.0,0.0,,0.0,,1000000.0,0.05,5.0,10.0
58,3.2278591350217023,-2.8135862266319758,,,0.6531258267231772,0.0,0.0,,0.0,,1000000.0,0.05,5.0,100.0
58,3.2278591350217023,-2.8135862266319758,,,0.6531258267231772,0.0,0.0,,0.0,,1000000.0,0.1,5.0,1.0
58,3.2278591350217023,-2.8135862266319758,,,0.6531258267231772,0.0,0.0,,0.0,,1000000.0,0.1,5.0,10.0
58,3.2278591350217023,-2.8135862266319758,,,0.6531258267231772,0.0,0.0,,0.0,,1000000.0,0.1,5.0,100.0
58,3.2278591350217023,-2.8135862266319758,,,0.6531258267231772,0.0,0.0,,0.0,,1000000.0,0.2,5.0,1.0
58,3.2278591350217023,-2.8135862266319758,,,0.6531258267231772,0.0,0.0,,0.0,,1000000.0,0.2,5.0,10.0
58,3.2278591350217023,-2.8135862266319758,,,0.6531258267231772,0.0,0.0,,0.0,,1000000.0,0.2,5.0,100.0
58,3.2278591350217023,-2.8135862266319758,,,0.6531258267231772,0.0,0.0,,0.0,,1000000.0,0.5,5.0,1.0
58,3.2278591350217023,-2.8135862266319758,,,0.6531258267231772,0.0,0.0,,0.0,,1000000.0,0.5,5.0,10.0
58,3.2278591350217023,-2.8135862266319758,,,0.6531258267231772,0.0,0.0,,0.0,,1000000.0,0.5,5.0,100.0
58,3.2278591350217023,-2.8135862266319758,,,0.6531258267231772,0.0,0.0,,0.0,,5000000.0,0.01,5.0,1.0
58,3.2278591350217023,-2.8135862266319758,,,0.6531258267231772,0.0,0.0,,0.0,,5000000.0,0.01,5.0,10.0
58,3.2278591350217023,-2.8135862266319758,,,0.6531258267231772,0.0,0.0,,0.0,,5000000.0,0.01,5.0,100.0
58,3.2278591350217023,-2.8135862266319758,,,0.6531258267231772,0.0,0.0,,0.0,,5000000.0,0.05,5.0,1.0
58,3.2278591350217023,-2.8135862266319758,,,0.6531258267231772,0.0,0.0,,0.0,,5000000.0,0.05,5.0,10.0
58,3.2278591350217023,-2.8135862266319758,,,0.6531258267231772,0.0,0.0,,0.0,,5000000.0,0.05,5.0,100.0
58,3.2278591350217023,-2.8135862266319758,,,0.6531258267231772,0.0,0.0,,0.0,,5000000.0,0.1,5.0,1.0
58,3.2278591350217023,-2.8135862266319758,,,0.6531258267231772,0.0,0.0,,0.0,,5000000.0,0.1,5.0,10.0
58,3.2278591350217023,-2.8135862266319758,,,0.6531258267231772,0.0,0.0,,0.0,,5000000.0,0.1,5.0,100.0
58,3.2278591350217023,-2.8135862266319758,,,0.6531258267231772,0.0,0.0,,0.0,,5000000.0,0.2,5.0,1.0
58,3.2278591350217023,-2.8135862266319758,,,0.6531258267231772,0.0,0.0,,0.0,,5000000.0,0.2,5.0,10.0
58,3.2278591350217023,-2.8135862266319758,,,0.6531258267231772,0.0,0.0,,0.0,,5000000.0,0.2,5.0,100.0
58,3.2278591350217023,-2.8135862266319758,,,0.6531258267231772,0.0,0.0,,0.0,,5000000.0,0.5,5.0,1.0
58,3.2278591350217023,-2.8135862266319758,,,0.6531258267231772,0.0,0.0,,0.0,,5000000.0,0.5,5.0,10.0
58,3.2278591350217023,-2.8135862266319758,,,0.6531258267231772,0.0,0.0,,0.0,,5000000.0,0.5,5.0,100.0
58,3.2278591350217023,-2.8135862266319758,,,0.6531258267231772,0.0,0.0,,0.0,,10000000.0,0.01,5.0,1.0
58,3.2278591350217023,-2.8135862266319758,,,0.6531258267231772,0.0,0.0,,0.0,,10000000.0,0.01,5.0,10.0
58,3.2278591350217023,-2.8135862266319758,,,0.6531258267231772,0.0,0.0,,0.0,,10000000.0,0.01,5.0,100.0
58,3.2278591350217023,-2.8135862266319758,,,0.6531258267231772,0.0,0.0,,0.0,,10000000.0,0.05,5.0,1.0
58,3.2278591350217023,-2.8135862266319758,,,0.6531258267231772,0.0,0.0,,0.0,,10000000.0,0.05,5.0,10.0
58,3.2278591350217023,-2.8135862266319758,,,0.6531258267231772,0.0,0.0,,0.0,,10000000.0,0.05,5.0,100.0
58,3.2278591350217023,-2.8135862266319758,,,0.6531258267231772,0.0,0.0,,0.0,,10000000.0,0.1,5.0,1.0
58,3.2278591350217023,-2.8135862266319758,,,0.6531258267231772,0.0,0.0,,0.0,,10000000.0,0.1,5.0,10.0
58,3.2278591350217023,-2.8135862266319758,,,0.6531258267231772,0.0,0.0,,0.0,,10000000.0,0.1,5.0,100.0
58,3.2278591350217023,-2.8135862266319758,,,0.6531258267231772,0.0,0.0,,0.0,,10000000.0,0.2,5.0,1.0
58,3.2278591350217023,-2.8135862266319758,,,0.6531258267231772,0.0,0.0,,0.0,,10000000.0,0.2,5.0,10.0
58,3.2278591350217023,-2.8135862266319758,,,0.6531258267231772,0.0,0.0,,0.0,,10000000.0,0.2,5.0,100.0
58,3.2278591350217023,-2.8135862266319758,,,0.6531258267231772,0.0,0.0,,0.0,,10000000.0,0.5,5.0,1.0
58,3.2278591350217023,-2.8135862266319758,,,0.6531258267231772,0.0,0.0,,0.0,,10000000.0,0.5,5.0,10.0
58,3.2278591350217023,-2.8135862266319758,,,0.6531258267231772,0.0,0.0,,0.0,,10000000.0,0.5,5.0,100.0
58,3.1393733957406984,-2.751410435377728,0.5662143170117007,0.3069575861368966,0.6615337533646528,-0.009601097082369494,-0.009601097082369494,0.9429762163230249,-0.00969522312214839,0.9227997032929207,10000000.0,0.5,50.0,1.0
58,3.1590849351584542,-2.769695875245539,0.5662143170117007,0.3159668725173512,0.6531258267231772,-0.009601097082369494,-0.009601097082369494,0.9429762163230249,-0.00969522312214839,0.9227997032929207,5000000.0,0.5,50.0,1.0
58,3.198015465715746,-2.7972818900018868,0.566214317011701,0.328383173866773,0.6531258267231772,-0.009601097082369494,-0.009601097082369494,0.9429762163230249,-0.00969522312214839,0.9227997032929207,1000000.0,0.5,50.0,1.0
58,3.198015465715746,-2.7972818900018868,0.566214317011701,0.328383173866773,0.6531258267231772,-0.009601097082369494,-0.009601097082369494,0.9429762163230249,-0.00969522312214839,0.9227997032929207,10000000.0,0.5,50.0,10.0
58,3.2096384434689473,-2.8039911367642105,0.566214317011701,0.3306915254543658,0.6531258267231772,-0.009601097082369494,-0.009601097082369494,0.9429762163230249,-0.00969522312214839,0.9227997032929207,5000000.0,0.5,50.0,10.0
58,3.223333095707292,-2.8112928908963553,0.5662143170117009,0.33281516679285267,0.6531258267231772,-0.009601097082369494,-0.009601097082369494,0.9429762163230249,-0.00969522312214839,0.9227997032929207,1000000.0,0.5,50.0,10.0
58,3.223333095707292,-2.8112928908963553,0.5662143170117009,0.33281516679285267,0.6531258267231772,-0.009601097082369494,-0.009601097082369494,0.9429762163230249,-0.00969522312214839,0.9227997032929207,10000000.0,0.5,50.0,100.0
58,3.225520599800334,-2.812408061782519,0.5662143170117009,0.3331048214730724,0.6531258267231772,-0.009601097082369494,-0.009601097082369494,0.9429762163230249,-0.00969522312214839,0.9227997032929207,5000000.0,0.5,50.0,100.0
58,3.2273783870327932,-2.813345178077029,0.5662143170117009,0.33334137348024834,0.6531258267231772,-0.009601097082369494,-0.009601097082369494,0.9429762163230249,-0.00969522312214839,0.9227997032929207,1000000.0,0.5,50.0,100.0
58,3.139373394778681,-2.7514104340492658,0.56621431682851,0.3069575849719863,0.6615337591209423,-0.010259471688263378,-0.010259471688263378,0.9390730985687317,-0.007669761113348614,0.9349975223434382,10000000.0,0.5,100.0,1.0
58,3.1590849346609975,-2.769695874557683,0.56621431682851,0.3159668716753678,0.6531258267229767,-0.010259471688263378,-0.010259471688263378,0.9390730985687317,-0.007669761113348614,0.9349975223434382,5000000.0,0.5,100.0,1.0
58,3.1980154656038713,-2.7972818898543363,0.5662143168285098,0.32838317342022305,0.653125826723137,-0.010259471688263378,-0.010259471688263378,0.9390730985687317,-0.007669761113348614,0.9349975223434382,1000000.0,0.5,100.0,1.0
58,3.1980154656038713,-2.7972818898543363,0.56621431682851,0.32838317342022305,0.653125826723137,-0.010259471688263378,-0.010259471688263378,0.9390730985687317,-0.007669761113348614,0.9349975223434382,10000000.0,0.5,100.0,10.0
58,3.2096384434095775,-2.8039911366885386,0.56621431682851,0.3306915250795694,0.6531258267231572,-0.010259471688263378,-0.010259471688263378,0.9390730985687317,-0.007669761113348614,0.9349975223434382,5000000.0,0.5,100.0,10.0
58,3.2233330956942763,-2.811292890880666,0.5662143168285099,0.3328151664841329,0.6531258267231732,-0.010259471688263378,-0.010259471688263378,0.9390730985687317,-0.007669761113348614,0.9349975223434382,1000000.0,0.5,100.0,10.0
58,3.2233330956942763,-2.811292890880666,0.5662143168285099,0.3328151664841329,0.6531258267231732,-0.010259471688263378,-0.010259471688263378,0.9390730985687317,-0.007669761113348614,0.9349975223434382,10000000.0,0.5,100.0,100.0
58,3.225520599793714,-2.812408061774623,0.5662143168285099,0.33310482117338164,0.6531258267231752,-0.010259471688263378,-0.010259471688263378,0.9390730985687317,-0.007669761113348614,0.9349975223434382,5000000.0,0.5,100.0,100.0
58,3.227378387031449,-2.813345178075441,0.5662143168285098,0.3333413731879357,0.6531258267231768,-0.010259471688263378,-0.010259471688263378,0.9390730985687317,-0.007669761113348614,0.9349975223434382,1000000.0,0.5,100.0,100.0
58,2.7626847313613916,-2.0572564594544693,0.4193238506026706,0.15932910791309207,1.1920322524274243,-0.014000889351021945,-0.014000889351021945,0.9169221422115315,-0.023119378214353857,0.8172467761426347,10000000.0,0.2,50.0,1.0
58,2.832155315744233,-2.2458783979367465,0.4193238506026706,0.16539527897481873,1.1379252333181655,-0.014000889351021945,-0.014000889351021945,0.9169221422115315,-0.023119378214353857,0.8172467761426347,5000000.0,0.2,50.0,1.0
58,3.01279862300456,-2.5636824907535836,0.41932385060267047,0.17278802942108926,0.7676732948118674,-0.014000889351021945,-0.014000889351021945,0.9169221422115315,-0.023119378214353857,0.8172467761426347,1000000.0,0.2,50.0,1.0
58,3.01279862300456,-2.5636824907535836,0.4193238506026705,0.17278802942108926,0.7676732948118674,-0.014000889351021945,-0.014000889351021945,0.9169221422115315,-0.023119378214353857,0.8172467761426347,10000000.0,0.2,50.0,10.0
58,3.077025566326603,-2.649856888623897,0.4193238506026705,0.1714456319211898,0.7216319637213138,-0.014000889351021945,-0.014000889351021945,0.9169221422115315,-0.023119378214353857,0.8172467761426347,5000000.0,0.2,50.0,10.0
58,3.173554900009805,-2.76159765812505,0.41932385060267047,0.16536567066178948,0.681239473098328,-0.014000889351021945,-0.014000889351021945,0.9169221422115315,-0.023119378214353857,0.8172467761426347,1000000.0,0.2,50.0,10.0
58,3.173554900009805,-2.76159765812505,0.41932385060267047,0.16536567066178942,0.681239473098328,-0.014000889351021945,-0.014000889351021945,0.9169221422115315,-0.023119378214353857,0.8172467761426347,10000000.0,0.2,50.0,100.0
58,3.1960020717086737,-2.784208966884128,0.41932385060267047,0.1641146702729821,0.6760567983119647,-0.014000889351021945,-0.014000889351021945,0.9169221422115315,-0.023119378214353857,0.8172467761426347,5000000.0,0.2,50.0,100.0
58,3.2202203814716577,-2.8068500868750696,0.4193238506026704,0.16355452713630106,0.6531258267231772,-0.014000889351021945,-0.014000889351021945,0.9169221422115315,-0.023119378214353857,0.8172467761426347,1000000.0,0.2,50.0,100.0
58,2.758923518186477,-2.0523188653320825,0.4192454255695508,0.15886543493189859,1.1922907790146937,-0.017047225339375412,-0.017047225339375412,0.8989318608436729,-0.021730989821154408,0.8172499967177296,10000000.0,0.2,100.0,1.0
58,2.8300134547761657,-2.2429546062155046,0.4192454255695508,0.16492083865943877,1.1348577860425912,-0.017047225339375412,-0.017047225339375412,0.8989318608436729,-0.021730989821154408,0.8172499967177296,5000000.0,0.2,100.0,1.0
58,3.0121814457173794,-2.562823686105429,0.4192454255695507,0.17243651986688774,0.7677850371526724,-0.017047225339375412,-0.017047225339375412,0.8989318608436729,-0.021730989821154408,0.8172499967177296,1000000.0,0.2,100.0,1.0
58,3.0121814457173794,-2.562823686105429,0.4192454255695507,0.1724365198668878,0.7677850371526724,-0.017047225339375412,-0.017047225339375412,0.8989318608436729,-0.021730989821154408,0.8172499967177296,10000000.0,0.2,100.0,10.0
58,3.076663355985575,-2.6493632747664972,0.4192454255695507,0.17116729150148313,0.7225233614799349,-0.017047225339375412,-0.017047225339375412,0.8989318608436729,-0.021730989821154408,0.8172499967177296,5000000.0,0.2,100.0,10.0
58,3.1734566470019505,-2.7614733708475216,0.4192454255695506,0.16521153561170143,0.6810968778776636,-0.017047225339375412,-0.017047225339375412,0.8989318608436729,-0.021730989821154408,0.8172499967177296,1000000.0,0.2,100.0,10.0
58,3.1734566470019505,-2.7614733708475216,0.4192454255695507,0.16521153561170152,0.6810968778776636,-0.017047225339375412,-0.017047225339375412,0.8989318608436729,-0.021730989821154408,0.8172499967177296,10000000.0,0.2,100.0,100.0
58,3.1959476958586435,-2.7841426019263387,0.4192454255695507,0.1639885239467883,0.6762029432393037,-0.017047225339375412,-0.017047225339375412,0.8989318608436729,-0.021730989821154408,0.8172499967177296,5000000.0,0.2,100.0,100.0
58,3.220207873583625,-2.8068356518610207,0.4192454255695507,0.16345729478913462,0.6531255828449429,-0.017047225339375412,-0.017047225339375412,0.8989318608436729,-0.021730989821154408,0.8172499967177296,1000000.0,0.2,100.0,100.0
58,2.6671415381790338,-1.3457380998491402,0.22353291938560238,0.11054420289396834,1.7703198969767597,-0.01727515336490284,-0.01727515336490284,0.8975877373713219,-0.027594096578422343,0.7826907847904495,5000000.0,0.1,50.0,1.0
58,2.7023966872986165,-1.952522239110141,0.22353291938560238,0.11397488092665467,1.2694869355291378,-0.01727515336490284,-0.01727515336490284,0.8975877373713219,-0.027594096578422343,0.7826907847904495,1000000.0,0.1,50.0,1.0
58,2.7023966872986165,-1.952522239110141,0.22353291938560232,0.11397488092665467,1.2694869355291378,-0.01727515336490284,-0.01727515336490284,0.8975877373713219,-0.027594096578422343,0.7826907847904495,10000000.0,0.1,50.0,10.0
58,2.753661808521953,-1.0610382514124672,0.22353291938560238,0.10794655736794087,2.145905165246403,-0.01727515336490284,-0.01727515336490284,0.8975877373713219,-0.027594096578422343,0.7826907847904495,10000000.0,0.1,50.0,1.0
58,2.7870986522238304,-2.173863412427909,0.22353291938560232,0.1130890819120382,1.171394411270345,-0.01727515336490284,-0.01727515336490284,0.8975877373713219,-0.027594096578422343,0.7826907847904495,5000000.0,0.1,50.0,10.0
58,3.0119004802494955,-2.550857234132738,0.22353291938560235,0.09936782798818904,0.860316403592067,-0.01727515336490284,-0.01727515336490284,0.8975877373713219,-0.027594096578422343,0.7826907847904495,1000000.0,0.1,50.0,10.0
58,3.0119004802494955,-2.550857234132738,0.22353291938560238,0.09936782798818904,0.860316403592067,-0.01727515336490284,-0.01727515336490284,0.8975877373713219,-0.027594096578422343,0.7826907847904495,10000000.0,0.1,50.0,100.0
58,3.088149354554529,-2.6506926901337464,0.22353291938560238,0.08738651720449896,0.754419666379571,-0.01727515336490284,-0.01727515336490284,0.8975877373713219,-0.027594096578422343,0.7826907847904495,5000000.0,0.1,50.0,100.0
58,3.18853945826822,-2.7698325743636825,0.22353291938560235,0.056587366677380485,0.6764460287855485,-0.01727515336490284,-0.01727515336490284,0.8975877373713219,-0.027594096578422343,0.7826907847904495,1000000.0,0.1,50.0,100.0
58,3.1395207909626515,-2.7515749951536543,0.566209400021025,0.30693576366475883,0.6611564689303089,-0.019625909763431294,-0.019625909763431294,0.8837423461594942,-0.011067625038059699,0.916593668295034,10000000.0,0.5,25.0,1.0
58,3.159159777874342,-2.769779313374219,0.566209400021025,0.315949300973584,0.6531258267231772,-0.019625909763431294,-0.019625909763431294,0.8837423461594942,-0.011067625038059699,0.916593668295034,5000000.0,0.5,25.0,1.0
58,3.1980306038642246,-2.7972988214895564,0.5662094000210248,0.3283731442433175,0.6531258267231772,-0.019625909763431294,-0.019625909763431294,0.8837423461594942,-0.011067625038059699,0.916593668295034,1000000.0,0.5,25.0,1.0
58,3.1980306038642246,-2.7972988214895564,0.5662094000210247,0.32837314424331754,0.6531258267231772,-0.019625909763431294,-0.019625909763431294,0.8837423461594942,-0.011067625038059699,0.916593668295034,10000000.0,0.5,25.0,10.0
58,3.209646028715993,-2.8039996277806654,0.5662094000210247,0.3306829841107198,0.6531258267231772,-0.019625909763431294,-0.019625909763431294,0.8837423461594942,-0.011067625038059699,0.916593668295034,5000000.0,0.5,25.0,10.0
58,3.2233346178953868,-2.8112945950535693,0.5662094000210248,0.3328080151417731,0.6531258267231772,-0.019625909763431294,-0.019625909763431294,0.8837423461594942,-0.011067625038059699,0.916593668295034,1000000.0,0.5,25.0,10.0
58,3.2233346178953868,-2.8112945950535693,0.5662094000210248,0.33280801514177316,0.6531258267231772,-0.019625909763431294,-0.019625909763431294,0.8837423461594942,-0.011067625038059699,0.916593668295034,10000000.0,0.5,25.0,100.0
58,3.2255213614200544,-2.8124089143595783,0.5662094000210248,0.33309786104559375,0.6531258267231772,-0.019625909763431294,-0.019625909763431294,0.8837423461594942,-0.011067625038059699,0.916593668295034,5000000.0,0.5,25.0,100.0
58,3.2273785394524137,-2.8133453486787108,0.5662094000210248,0.33333456953907575,0.6531258267231772,-0.019625909763431294,-0.019625909763431294,0.8837423461594942,-0.011067625038059699,0.916593668295034,1000000.0,0.5,25.0,100.0
58,2.662733413414148,-1.7944755703751099,0.08323844112507663,0.0775299578766594,1.4185994832151687,-0.023823681392664626,-0.023823681392664626,0.8591068222674451,-0.027594096578422343,0.7826907847904495,1000000.0,0.01,50.0,10.0
58,2.662733413414148,-1.7944755703751099,0.08323844112507663,0.0775299578766594,1.4185994832151687,-0.023823681392664626,-0.023823681392664626,0.8591068222674451,-0.027594096578422343,0.7826907847904495,10000000.0,0.01,50.0,100.0
58,2.710543555989493,-1.150127973423333,0.08323844112507665,0.08062867544278603,2.0090557676006404,-0.023823681392664626,-0.023823681392664626,0.8591068222674451,-0.027594096578422343,0.7826907847904495,5000000.0,0.01,50.0,10.0
58,2.7348457908707466,-2.04186332622072,0.08323844112507663,0.07321702226797477,1.2144864879219737,-0.023823681392664626,-0.023823681392664626,0.8591068222674451,-0.027594096578422343,0.7826907847904495,5000000.0,0.01,50.0,100.0
58,2.8428793705240336,-0.858245939156747,0.08323844112507665,0.08075497209461503,2.3389940210022457,-0.023823681392664626,-0.023823681392664626,0.8591068222674451,-0.027594096578422343,0.7826907847904495,1000000.0,0.01,50.0,1.0
58,2.8428793705240336,-0.858245939156747,0.08323844112507665,0.08075497209461503,2.3389940210022457,-0.023823681392664626,-0.023823681392664626,0.8591068222674451,-0.027594096578422343,0.7826907847904495,10000000.0,0.01,50.0,10.0
58,2.974031186926061,-2.485698510465208,0.0832384411250766,0.04929146877204071,0.9762458775392289,-0.023823681392664626,-0.023823681392664626,0.8591068222674451,-0.027594096578422343,0.7826907847904495,1000000.0,0.01,50.0,100.0
58,3.3714043103522533,-0.1701730207356561,0.08323844112507668,0.08042052012390881,3.1690670392461318,-0.023823681392664626,-0.023823681392664626,0.8591068222674451,-0.027594096578422343,0.7826907847904495,5000000.0,0.01,50.0,1.0
58,3.669996898863993,0.12788190908621538,0.08323844112507668,0.0802135583415098,3.4339872044851463,-0.023823681392664626,-0.023823681392664626,0.8591068222674451,-0.027594096578422343,0.7826907847904495,10000000.0,0.01,50.0,1.0
58,2.6414882687685375,-1.6674709112203379,0.1348206038353441,0.09221807951458855,1.5727511316453904,-0.024301178228022254,-0.024301178228022254,0.8563125138008649,-0.029085669366445174,0.7712631302871502,5000000.0,0.05,50.0,10.0
58,2.6491328388614703,-1.3924375726715863,0.1348206038353442,0.09211035844427574,1.7653743357938876,-0.024301178228022254,-0.024301178228022254,0.8563125138008649,-0.029085669366445174,0.7712631302871502,1000000.0,0.05,50.0,1.0
58,2.6491328388614703,-1.3924375726715863,0.1348206038353441,0.09211035844427576,1.7653743357938876,-0.024301178228022254,-0.024301178228022254,0.8563125138008649,-0.029085669366445174,0.7712631302871502,10000000.0,0.05,50.0,10.0
58,2.812176752805687,-2.222635609370842,0.13482060383534422,0.0847947260371027,1.1526795099383853,-0.024301178228022254,-0.024301178228022254,0.8563125138008649,-0.029085669366445174,0.7712631302871502,1000000.0,0.05,50.0,10.0
58,2.812176752805687,-2.222635609370842,0.1348206038353442,0.08479472603710267,1.1526795099383853,-0.024301178228022254,-0.024301178228022254,0.8563125138008649,-0.029085669366445174,0.7712631302871502,10000000.0,0.05,50.0,100.0
58,2.918039225004943,-2.406490942900811,0.1348206038353442,0.0757916036633823,1.0374860440605396,-0.024301178228022254,-0.024301178228022254,0.8563125138008649,-0.029085669366445174,0.7712631302871502,5000000.0,0.05,50.0,100.0
58,2.925265780918834,-0.7196092738295652,0.13482060383534417,0.08980109303359339,2.516557938413231,-0.024301178228022254,-0.024301178228022254,0.8563125138008649,-0.029085669366445174,0.7712631302871502,5000000.0,0.05,50.0,1.0
58,3.114349447159316,-2.678370381153621,0.13482060383534414,0.04158076083456876,0.7218863220186897,-0.024301178228022254,-0.024301178228022254,0.8563125138008649,-0.029085669366445174,0.7712631302871502,1000000.0,0.05,50.0,100.0
58,3.145149262126063,-0.42359358699090377,0.13482060383534417,0.08871129589174499,2.8613684374522164,-0.024301178228022254,-0.024301178228022254,0.8563125138008649,-0.029085669366445174,0.7712631302871502,10000000.0,0.05,50.0,1.0
58,2.901924546892293,-2.2767853712421497,0.42249545790459836,0.1751188697439388,0.9532479073148832,-0.025979308489508832,-0.025979308489508832,0.8465062211009051,-0.019116806883921297,0.8564543809881798,10000000.0,0.2,25.0,1.0
58,2.9366241023853745,-2.3977587317085005,0.42249545790459836,0.1793398694650407,0.854563969482768,-0.025979308489508832,-0.025979308489508832,0.8465062211009051,-0.019116806883921297,0.8564543809881798,5000000.0,0.2,25.0,1.0
58,3.055769485049958,-2.6181497068270985,0.4224954579045981,0.1803508273422506,0.753579531656841,-0.025979308489508832,-0.025979308489508832,0.8465062211009051,-0.019116806883921297,0.8564543809881798,1000000.0,0.2,25.0,1.0
58,3.055769485049958,-2.6181497068270985,0.42249545790459814,0.18035082734225064,0.753579531656841,-0.025979308489508832,-0.025979308489508832,0.8465062211009051,-0.019116806883921297,0.8564543809881798,10000000.0,0.2,25.0,10.0
58,3.1034433768952976,-2.6820172952338193,0.42249545790459814,0.17619613570349504,0.6933394512794844,-0.025979308489508832,-0.025979308489508832,0.8465062211009051,-0.019116806883921297,0.8564543809881798,5000000.0,0.2,25.0,10.0
58,3.1804673309820353,-2.769574517575881,0.4224954579045982,0.16668311531089705,0.6834381376313945,-0.025979308489508832,-0.025979308489508832,0.8465062211009051,-0.019116806883921297,0.8564543809881798,1000000.0,0.2,25.0,10.0
58,3.1804673309820353,-2.769574517575881,0.42249545790459836,0.1666831153108971,0.6834381376313945,-0.025979308489508832,-0.025979308489508832,0.8465062211009051,-0.019116806883921297,0.8564543809881798,10000000.0,0.2,25.0,100.0
58,3.199653549533131,-2.788375330224891,0.42249545790459836,0.16500029182999115,0.6701011175843499,-0.025979308489508832,-0.025979308489508832,0.8465062211009051,-0.019116806883921297,0.8564543809881798,5000000.0,0.2,25.0,100.0
58,3.2209947893540196,-2.807722061614143,0.42249545790459814,0.16416443797583516,0.6531258267231772,-0.025979308489508832,-0.025979308489508832,0.8465062211009051,-0.019116806883921297,0.8564543809881798,1000000.0,0.2,25.0,100.0
58,2.909778511852796,-2.0339491556251237,0.24166968803640881,0.13465422766942667,0.962645430926289,-0.028198646400672905,-0.028198646400672905,0.8335730104189968,-0.017104511422455896,0.8714252221358131,5000000.0,0.1,25.0,1.0
58,2.927459262909165,-2.3432414807209043,0.24166968803640881,0.13317837123460055,0.7520386983881371,-0.028198646400672905,-0.028198646400672905,0.8335730104189968,-0.017104511422455896,0.8714252221358131,1000000.0,0.1,25.0,1.0
58,2.927459262909165,-2.3432414807209043,0.2416696880364088,0.13317837123460055,0.7520386983881371,-0.028198646400672905,-0.028198646400672905,0.8335730104189968,-0.017104511422455896,0.8714252221358131,10000000.0,0.1,25.0,10.0
58,2.953048424923439,-1.8937682069655173,0.24166968803640881,0.13435853129213443,1.1489986954287839,-0.028198646400672905,-0.028198646400672905,0.8335730104189968,-0.017104511422455896,0.8714252221358131,10000000.0,0.1,25.0,1.0
58,2.9741951204285613,-2.461220918218222,0.2416696880364088,0.12978019290523107,0.7520386983881371,-0.028198646400672905,-0.028198646400672905,0.8335730104189968,-0.017104511422455896,0.8714252221358131,5000000.0,0.1,25.0,10.0
58,3.103120905343457,-2.666899413797904,0.24166968803640873,0.10689870875241773,0.7520386983881371,-0.028198646400672905,-0.028198646400672905,0.8335730104189968,-0.017104511422455896,0.8714252221358131,1000000.0,0.1,25.0,10.0
58,3.103120905343457,-2.666899413797904,0.2416696880364087,0.10689870875241773,0.7520386983881371,-0.028198646400672905,-0.028198646400672905,0.8335730104189968,-0.017104511422455896,0.8714252221358131,10000000.0,0.1,25.0,100.0
58,3.1467648571177245,-2.721680546690872,0.2416696880364087,0.0906161663846458,0.6933394512794844,-0.028198646400672905,-0.028198646400672905,0.8335730104189968,-0.017104511422455896,0.8714252221358131,5000000.0,0.1,25.0,100.0
58,3.204567088298374,-2.7881466946298032,0.24166968803640873,0.05416562957728613,0.6825894937250743,-0.028198646400672905,-0.028198646400672905,0.8335730104189968,-0.017104511422455896,0.8714252221358131,1000000.0,0.1,25.0,100.0
58,2.905882697299733,-2.157464102879379,0.16268475292645396,0.11586331199211446,0.926192045522245,-0.030374467882206307,-0.030374467882206307,0.8209357624338205,-0.019116806883921297,0.8564543809881798,1000000.0,0.05,25.0,1.0
58,2.905882697299733,-2.157464102879379,0.16268475292645398,0.11586331199211447,0.926192045522245,-0.030374467882206307,-0.030374467882206307,0.8209357624338205,-0.019116806883921297,0.8564543809881798,10000000.0,0.05,25.0,10.0
58,2.921219598796658,-2.2904449836827365,0.16268475292645398,0.1118044272010164,0.7520386983881371,-0.030374467882206307,-0.030374467882206307,0.8209357624338205,-0.019116806883921297,0.8564543809881798,5000000.0,0.05,25.0,10.0
58,2.9887895030921614,-1.8333132717995215,0.16268475292645398,0.12070423743227848,1.187452877286836,-0.030374467882206307,-0.030374467882206307,0.8209357624338205,-0.019116806883921297,0.8564543809881798,5000000.0,0.05,25.0,1.0
58,3.034265419456905,-2.5571004749726267,0.16268475292645398,0.09120906943773979,0.7520386983881371,-0.030374467882206307,-0.030374467882206307,0.8209357624338205,-0.019116806883921297,0.8564543809881798,1000000.0,0.05,25.0,10.0
58,3.034265419456905,-2.5571004749726267,0.16268475292645398,0.09120906943773979,0.7520386983881371,-0.030374467882206307,-0.030374467882206307,0.8209357624338205,-0.019116806883921297,0.8564543809881798,10000000.0,0.05,25.0,100.0
58,3.076751900541686,-1.691041702237007,0.16268475292645398,0.12182323864664374,1.187452877286836,-0.030374467882206307,-0.030374467882206307,0.8209357624338205,-0.019116806883921297,0.8564543809881798,10000000.0,0.05,25.0,1.0
58,3.0909085335978066,-2.64208420517734,0.16268475292645398,0.07506000472087936,0.7520386983881371,-0.030374467882206307,-0.030374467882206307,0.8209357624338205,-0.019116806883921297,0.8564543809881798,5000000.0,0.05,25.0,100.0
58,3.1824195601915335,-2.759552989628641,0.16268475292645396,0.027516225694206125,0.6834381376313945,-0.030374467882206307,-0.030374467882206307,0.8209357624338205,-0.019116806883921297,0.8564543809881798,1000000.0,0.05,25.0,100.0
58,2.5265124077662255,-1.0971234787547324,0.2253126324913674,0.09635367949314969,1.628904500068237,-0.03258433117380159,-0.03258433117380159,0.8081469382137048,-0.034513925010068766,0.7136079478175623,5000000.0,0.1,100.0,1.0
58,2.5832524479527,-0.7180849816265881,0.2253126324913674,0.09222332298071698,1.9077423873482324,-0.03258433117380159,-0.03258433117380159,0.8081469382137048,-0.034513925010068766,0.7136079478175623,10000000.0,0.1,100.0,1.0
58,2.6345554900832195,-1.846281662003728,0.22531263249136727,0.10070542607382675,1.3408903066825344,-0.03258433117380159,-0.03258433117380159,0.8081469382137048,-0.034513925010068766,0.7136079478175623,1000000.0,0.1,100.0,1.0
58,2.6345554900832195,-1.846281662003728,0.22531263249136735,0.10070542607382674,1.3408903066825344,-0.03258433117380159,-0.03258433117380159,0.8081469382137048,-0.034513925010068766,0.7136079478175623,10000000.0,0.1,100.0,10.0
58,2.7407864195571423,-2.1027570071836412,0.22531263249136735,0.10004021886973989,1.2037537081541902,-0.03258433117380159,-0.03258433117380159,0.8081469382137048,-0.034513925010068766,0.7136079478175623,5000000.0,0.1,100.0,10.0
58,2.993921969275008,-2.525427015987103,0.22531263249136732,0.08920530240066261,0.8626347420301186,-0.03258433117380159,-0.03258433117380159,0.8081469382137048,-0.034513925010068766,0.7136079478175623,1000000.0,0.1,100.0,10.0
58,2.993921969275008,-2.525427015987103,0.2253126324913674,0.08920530240066261,0.8626347420301186,-0.03258433117380159,-0.03258433117380159,0.8081469382137048,-0.034513925010068766,0.7136079478175623,10000000.0,0.1,100.0,100.0
58,3.07667455308312,-2.6352793667071324,0.2253126324913674,0.07935850465591156,0.7502441422764639,-0.03258433117380159,-0.03258433117380159,0.8081469382137048,-0.034513925010068766,0.7136079478175623,5000000.0,0.1,100.0,100.0
58,3.185182500017994,-2.765747684155465,0.2253126324913673,0.05275709977022757,0.6726630889961518,-0.03258433117380159,-0.03258433117380159,0.8081469382137048,-0.034513925010068766,0.7136079478175623,1000000.0,0.1,100.0,100.0
58,3.139373394778681,-2.7514104340492658,0.56621431682851,0.3069575849719863,0.6615337591209423,-0.03936525828688154,-0.03936525828688154,0.7692283484364805,-0.028371061771258328,0.757142113485582,10000000.0,0.5,250.0,1.0
58,3.1590849346609975,-2.769695874557683,0.56621431682851,0.3159668716753678,0.6531258267229767,-0.03936525828688154,-0.03936525828688154,0.7692283484364805,-0.028371061771258328,0.757142113485582,5000000.0,0.5,250.0,1.0
58,3.1980154656038713,-2.7972818898543363,0.5662143168285098,0.32838317342022305,0.653125826723137,-0.03936525828688154,-0.03936525828688154,0.7692283484364805,-0.028371061771258328,0.757142113485582,1000000.0,0.5,250.0,1.0
58,3.1980154656038713,-2.7972818898543363,0.56621431682851,0.32838317342022305,0.653125826723137,-0.03936525828688154,-0.03936525828688154,0.7692283484364805,-0.028371061771258328,0.757142113485582,10000000.0,0.5,250.0,10.0
58,3.2096384434095775,-2.8039911366885386,0.56621431682851,0.33069152507956945,0.6531258267231572,-0.03936525828688154,-0.03936525828688154,0.7692283484364805,-0.028371061771258328,0.757142113485582,5000000.0,0.5,250.0,10.0
58,3.2233330956942763,-2.811292890880666,0.5662143168285099,0.3328151664841329,0.6531258267231732,-0.03936525828688154,-0.03936525828688154,0.7692283484364805,-0.028371061771258328,0.757142113485582,1000000.0,0.5,250.0,10.0
58,3.2233330956942763,-2.811292890880666,0.5662143168285099,0.3328151664841329,0.6531258267231732,-0.03936525828688154,-0.03936525828688154,0.7692283484364805,-0.028371061771258328,0.757142113485582,10000000.0,0.5,250.0,100.0
58,3.225520599793714,-2.812408061774623,0.5662143168285099,0.33310482117338164,0.6531258267231752,-0.03936525828688154,-0.03936525828688154,0.7692283484364805,-0.028371061771258328,0.757142113485582,5000000.0,0.5,250.0,100.0
58,3.227378387031449,-2.813345178075441,0.5662143168285098,0.3333413731879357,0.6531258267231768,-0.03936525828688154,-0.03936525828688154,0.7692283484364805,-0.028371061771258328,0.757142113485582,1000000.0,0.5,250.0,100.0
58,3.139373394778681,-2.7514104340492658,0.56621431682851,0.3069575849719863,0.6615337591209423,-0.0407610369778243,-0.0407610369778243,0.7612837078673191,-0.032013198978315,0.7267109218020121,10000000.0,0.5,500.0,1.0
58,3.1590849346609975,-2.769695874557683,0.56621431682851,0.3159668716753678,0.6531258267229767,-0.0407610369778243,-0.0407610369778243,0.7612837078673191,-0.032013198978315,0.7267109218020121,5000000.0,0.5,500.0,1.0
58,3.1980154656038713,-2.7972818898543363,0.5662143168285098,0.32838317342022305,0.653125826723137,-0.0407610369778243,-0.0407610369778243,0.7612837078673191,-0.032013198978315,0.7267109218020121,1000000.0,0.5,500.0,1.0
58,3.1980154656038713,-2.7972818898543363,0.5662143168285099,0.32838317342022316,0.653125826723137,-0.0407610369778243,-0.0407610369778243,0.7612837078673191,-0.032013198978315,0.7267109218020121,10000000.0,0.5,500.0,10.0
58,3.2096384434095775,-2.8039911366885386,0.5662143168285099,0.3306915250795694,0.6531258267231572,-0.0407610369778243,-0.0407610369778243,0.7612837078673191,-0.032013198978315,0.7267109218020121,5000000.0,0.5,500.0,10.0
58,3.2233330956942763,-2.811292890880666,0.5662143168285099,0.3328151664841329,0.6531258267231732,-0.0407610369778243,-0.0407610369778243,0.7612837078673191,-0.032013198978315,0.7267109218020121,1000000.0,0.5,500.0,10.0
58,3.2233330956942763,-2.811292890880666,0.5662143168285099,0.3328151664841329,0.6531258267231732,-0.0407610369778243,-0.0407610369778243,0.7612837078673191,-0.032013198978315,0.7267109218020121,10000000.0,0.5,500.0,100.0
58,3.225520599793714,-2.812408061774623,0.5662143168285099,0.33310482117338164,0.6531258267231752,-0.0407610369778243,-0.0407610369778243,0.7612837078673191,-0.032013198978315,0.7267109218020121,5000000.0,0.5,500.0,100.0
58,3.227378387031449,-2.813345178075441,0.5662143168285098,0.3333413731879357,0.6531258267231768,-0.0407610369778243,-0.0407610369778243,0.7612837078673191,-0.032013198978315,0.7267109218020121,1000000.0,0.5,500.0,100.0
58,2.913861490676765,-2.1374939005773848,0.11102331543277422,0.10163355426913975,0.8080742432925712,-0.04586631683072414,-0.04586631683072414,0.7324385796123655,-0.035215170575644494,0.7389702337032384,5000000.0,0.01,25.0,10.0
58,2.9331425885488946,-1.9988736476144766,0.11102331543277419,0.10620137808874056,0.9209546264567636,-0.04586631683072414,-0.04586631683072414,0.7324385796123655,-0.035215170575644494,0.7389702337032384,1000000.0,0.01,25.0,1.0
58,2.9331425885488946,-1.9988736476144766,0.11102331543277422,0.10620137808874056,0.9209546264567636,-0.04586631683072414,-0.04586631683072414,0.7324385796123655,-0.035215170575644494,0.7389702337032384,10000000.0,0.01,25.0,10.0
58,2.9770890099841063,-2.4362820314421434,0.11102331543277426,0.08220117205273794,0.7792827910301723,-0.04586631683072414,-0.04586631683072414,0.7324385796123655,-0.035215170575644494,0.7389702337032384,1000000.0,0.01,25.0,10.0
58,2.9770890099841063,-2.4362820314421434,0.11102331543277426,0.08220117205273794,0.7792827910301723,-0.04586631683072414,-0.04586631683072414,0.7324385796123655,-0.035215170575644494,0.7389702337032384,10000000.0,0.01,25.0,100.0
58,3.032849798241642,-2.544552735299144,0.11102331543277426,0.06768747502523188,0.7520386983881371,-0.04586631683072414,-0.04586631683072414,0.7324385796123655,-0.035215170575644494,0.7389702337032384,5000000.0,0.01,25.0,100.0
58,3.0998625687380503,-1.6698164670165563,0.11102331543277424,0.11267514673617952,1.187452877286836,-0.04586631683072414,-0.04586631683072414,0.7324385796123655,-0.035215170575644494,0.7389702337032384,5000000.0,0.01,25.0,1.0
58,3.1509769094946742,-2.7167652699995775,0.11102331543277424,0.019168188984116617,0.7117540713169104,-0.04586631683072414,-0.04586631683072414,0.7324385796123655,-0.035215170575644494,0.7389702337032384,1000000.0,0.01,25.0,100.0
58,3.2204130759914205,-1.5269043393556667,0.11102331543277424,0.1144430709038238,1.2211735176846021,-0.04586631683072414,-0.04586631683072414,0.7324385796123655,-0.035215170575644494,0.7389702337032384,10000000.0,0.01,25.0,1.0
58,2.758923240198981,-2.052318413697816,0.41924544504243233,0.15886533816951998,1.1922909625273077,-0.04916420320682545,-0.04916420320682545,0.713996153808468,-0.04440687929414346,0.62837071416911,10000000.0,0.2,250.0,1.0
58,2.830013268185437,-2.2429543187237035,0.41924544504243233,0.16492076895216132,1.134857050548346,-0.04916420320682545,-0.04916420320682545,0.713996153808468,-0.04440687929414346,0.62837071416911,5000000.0,0.2,250.0,1.0
58,3.012181375964946,-2.5628235924098077,0.41924544504243233,0.17243649151726426,0.767785030177363,-0.04916420320682545,-0.04916420320682545,0.713996153808468,-0.04440687929414346,0.62837071416911,1000000.0,0.2,250.0,1.0
58,3.012181375964946,-2.5628235924098073,0.4192454450424322,0.17243649151726426,0.767785030177363,-0.04916420320682545,-0.04916420320682545,0.713996153808468,-0.04440687929414346,0.62837071416911,10000000.0,0.2,250.0,10.0
58,3.0766633125627605,-2.649363219894571,0.4192454450424322,0.17116727552576894,0.7225233676630249,-0.04916420320682545,-0.04916420320682545,0.713996153808468,-0.04440687929414346,0.62837071416911,5000000.0,0.2,250.0,10.0
58,3.1734566352322244,-2.7614733572920986,0.41924544504243244,0.16521153400139596,0.6810968552098859,-0.04916420320682545,-0.04916420320682545,0.713996153808468,-0.04440687929414346,0.62837071416911,1000000.0,0.2,250.0,10.0
58,3.1734566352322244,-2.7614733572920986,0.41924544504243233,0.165211534001396,0.6810968552098859,-0.04916420320682545,-0.04916420320682545,0.713996153808468,-0.04440687929414346,0.62837071416911,10000000.0,0.2,250.0,100.0
58,3.1959476895812466,-2.7841425948534027,0.41924544504243233,0.16398852445311776,0.6762029398188949,-0.04916420320682545,-0.04916420320682545,0.713996153808468,-0.04440687929414346,0.62837071416911,5000000.0,0.2,250.0,100.0
58,3.220207872235166,-2.806835650381883,0.41924544504243233,0.16345729709425677,0.6531255826286679,-0.04916420320682545,-0.04916420320682545,0.713996153808468,-0.04440687929414346,0.62837071416911,1000000.0,0.2,250.0,100.0
58,2.758923240198981,-2.052318413697816,0.4192454450424322,0.15886533816951998,1.1922909625273077,-0.05055847443734669,-0.05055847443734669,0.7062470377837731,-0.048019798467472494,0.6001004310927022,10000000.0,0.2,500.0,1.0
58,2.830013268185437,-2.2429543187237035,0.4192454450424322,0.16492076895216135,1.134857050548346,-0.05055847443734669,-0.05055847443734669,0.7062470377837731,-0.048019798467472494,0.6001004310927022,5000000.0,0.2,500.0,1.0
58,3.012181375964946,-2.5628235924098077,0.4192454450424324,0.17243649151726426,0.767785030177363,-0.05055847443734669,-0.05055847443734669,0.7062470377837731,-0.048019798467472494,0.6001004310927022,1000000.0,0.2,500.0,1.0
58,3.012181375964946,-2.5628235924098077,0.4192454450424323,0.17243649151726426,0.767785030177363,-0.05055847443734669,-0.05055847443734669,0.7062470377837731,-0.048019798467472494,0.6001004310927022,10000000.0,0.2,500.0,10.0
58,3.0766633125627605,-2.649363219894571,0.4192454450424323,0.17116727552576896,0.7225233676630249,-0.05055847443734669,-0.05055847443734669,0.7062470377837731,-0.048019798467472494,0.6001004310927022,5000000.0,0.2,500.0,10.0
58,3.1734566352322244,-2.7614733572920986,0.41924544504243255,0.16521153400139602,0.6810968552098859,-0.05055847443734669,-0.05055847443734669,0.7062470377837731,-0.048019798467472494,0.6001004310927022,1000000.0,0.2,500.0,10.0
58,3.1734566352322244,-2.7614733572920986,0.41924544504243233,0.16521153400139596,0.6810968552098859,-0.05055847443734669,-0.05055847443734669,0.7062470377837731,-0.048019798467472494,0.6001004310927022,10000000.0,0.2,500.0,100.0
58,3.1959476895812466,-2.7841425948534027,0.41924544504243233,0.16398852445311776,0.6762029398188949,-0.05055847443734669,-0.05055847443734669,0.7062470377837731,-0.048019798467472494,0.6001004310927022,5000000.0,0.2,500.0,100.0
58,3.220207872235166,-2.806835650381883,0.41924544504243255,0.1634572970942569,0.6531255826286679,-0.05055847443734669,-0.05055847443734669,0.7062470377837731,-0.048019798467472494,0.6001004310927022,1000000.0,0.2,500.0,100.0
58,2.5249071011898137,-1.0940275996536886,0.2254357533574063,0.09597801537262844,1.6327150143341909,-0.06309226328171426,-0.06309226328171426,0.6379937007905094,-0.05550859911767933,0.5451612609288222,5000000.0,0.1,250.0,1.0
58,2.5808448782743842,-0.7134795731426645,0.2254357533574063,0.09178772823339731,1.9080200363201412,-0.06309226328171426,-0.06309226328171426,0.6379937007905094,-0.05550859911767933,0.5451612609288222,10000000.0,0.1,250.0,1.0
58,2.6338301471573584,-1.8449802007389096,0.22543575335740637,0.10047378589838137,1.3414928556150931,-0.06309226328171426,-0.06309226328171426,0.6379937007905094,-0.05550859911767933,0.5451612609288222,1000000.0,0.1,250.0,1.0
58,2.6338301471573584,-1.8449802007389096,0.22543575335740626,0.10047378589838135,1.3414928556150933,-0.06309226328171426,-0.06309226328171426,0.6379937007905094,-0.05550859911767933,0.5451612609288222,10000000.0,0.1,250.0,10.0
58,2.7402381106249587,-2.1018535644673557,0.22543575335740626,0.0998636559480842,1.2043684267282646,-0.06309226328171426,-0.06309226328171426,0.6379937007905094,-0.05550859911767933,0.5451612609288222,5000000.0,0.1,250.0,10.0
58,2.993662398476086,-2.5250762076424063,0.22543575335740632,0.08912897043337266,0.8623661380131078,-0.06309226328171426,-0.06309226328171426,0.6379937007905094,-0.05550859911767933,0.5451612609288222,1000000.0,0.1,250.0,10.0
58,2.993662398476086,-2.5250762076424063,0.22543575335740626,0.08912897043337266,0.8623661380131076,-0.06309226328171426,-0.06309226328171426,0.6379937007905094,-0.05550859911767933,0.5451612609288222,10000000.0,0.1,250.0,100.0
58,3.076503478011553,-2.635062748507563,0.22543575335740626,0.0793135601819814,0.7501830840384722,-0.06309226328171426,-0.06309226328171426,0.6379937007905094,-0.05550859911767933,0.5451612609288222,5000000.0,0.1,250.0,100.0
58,3.1851325527508614,-2.7656899777406334,0.22543575335740634,0.05275719662930685,0.6725776174683222,-0.06309226328171426,-0.06309226328171426,0.6379937007905094,-0.05550859911767933,0.5451612609288222,1000000.0,0.1,250.0,100.0
58,2.52490709743375,-1.0940275952774685,0.22543575332893925,0.09597801561143271,1.6327149992929395,-0.06448439183264268,-0.06448439183264268,0.6305812204311559,-0.05910129042150461,0.5187727902873758,5000000.0,0.1,500.0,1.0
58,2.580844872032693,-0.7134795660666725,0.22543575332893925,0.0917877287870027,1.9080200365064814,-0.06448439183264268,-0.06448439183264268,0.6305812204311559,-0.05910129042150461,0.5187727902873758,10000000.0,0.1,500.0,1.0
58,2.6338301460826434,-1.8449801992439825,0.22543575332893928,0.10047378579087572,1.3414928572363372,-0.06448439183264268,-0.06448439183264268,0.6305812204311559,-0.05910129042150461,0.5187727902873758,1000000.0,0.1,500.0,1.0
58,2.6338301460826434,-1.8449801992439825,0.22543575332893928,0.10047378579087574,1.3414928572363372,-0.06448439183264268,-0.06448439183264268,0.6305812204311559,-0.05910129042150461,0.5187727902873758,10000000.0,0.1,500.0,10.0
58,2.7402381099681494,-2.101853563501547,0.22543575332893928,0.09986365578752049,1.2043684274851487,-0.06448439183264268,-0.06448439183264268,0.6305812204311559,-0.05910129042150461,0.5187727902873758,5000000.0,0.1,500.0,10.0
58,2.9936623982478068,-2.525076207306468,0.2254357533289393,0.08912897025202586,0.8623661379284833,-0.06448439183264268,-0.06448439183264268,0.6305812204311559,-0.05910129042150461,0.5187727902873758,1000000.0,0.1,500.0,10.0
58,2.9936623982478068,-2.525076207306468,0.2254357533289393,0.08912897025202586,0.8623661379284833,-0.06448439183264268,-0.06448439183264268,0.6305812204311559,-0.05910129042150461,0.5187727902873758,10000000.0,0.1,500.0,100.0
58,3.076503477870311,-2.6350627483062365,0.2254357533289393,0.07931356001708208,0.7501830840343526,-0.06448439183264268,-0.06448439183264268,0.6305812204311559,-0.05910129042150461,0.5187727902873758,5000000.0,0.1,500.0,100.0
58,3.1851325527118908,-2.7656899776888713,0.22543575332893936,0.05275719650801077,0.6725776174181131,-0.06448439183264268,-0.06448439183264268,0.6305812204311559,-0.05910129042150461,0.5187727902873758,1000000.0,0.1,500.0,100.0
58,2.42594912159449,-1.1239747747525115,0.14692862079780092,0.029759262028645816,1.5177259385864272,-0.07676700287530609,-0.07676700287530609,0.56680757221761,-0.060079795387897476,0.5229025050694729,5000000.0,0.05,100.0,10.0
58,2.436055576996847,-0.702074180948492,0.1469286207978008,0.027257106510939533,1.7189029442860302,-0.07676700287530609,-0.07676700287530609,0.56680757221761,-0.060079795387897476,0.5229025050694729,1000000.0,0.05,100.0,1.0
58,2.436055576996847,-0.7020741809484922,0.14692862079780092,0.02725710651093958,1.7189029442860302,-0.07676700287530609,-0.07676700287530609,0.56680757221761,-0.060079795387897476,0.5229025050694729,10000000.0,0.05,100.0,10.0
58,2.654675931791351,-1.9408104906957655,0.14692862079780078,0.029140961415820375,1.3498137772081986,-0.07676700287530609,-0.07676700287530609,0.56680757221761,-0.060079795387897476,0.5229025050694729,1000000.0,0.05,100.0,10.0
58,2.654675931791351,-1.9408104906957655,0.14692862079780084,0.029140961415820364,1.3498137772081988,-0.07676700287530609,-0.07676700287530609,0.56680757221761,-0.060079795387897476,0.5229025050694729,10000000.0,0.05,100.0,100.0
58,2.793655125738295,-2.2057200813875126,0.14692862079780084,0.02528393782447406,1.1548313659064497,-0.07676700287530609,-0.07676700287530609,0.56680757221761,-0.060079795387897476,0.5229025050694729,5000000.0,0.05,100.0,100.0
58,2.841107220076804,0.37634648895070244,0.14692862079780084,0.018862949413842037,1.947128139471109,-0.07676700287530609,-0.07676700287530609,0.56680757221761,-0.060079795387897476,0.5229025050694729,5000000.0,0.05,100.0,1.0
58,3.0590009543642807,-2.60370390449862,0.14692862079780086,0.008143123740754961,0.7731291122743695,-0.07676700287530609,-0.07676700287530609,0.56680757221761,-0.060079795387897476,0.5229025050694729,1000000.0,0.05,100.0,100.0
58,3.1662593790131233,0.8645321138197445,0.14692862079780084,0.015207419516121331,1.959290195062201,-0.07676700287530609,-0.07676700287530609,0.56680757221761,-0.060079795387897476,0.5229025050694729,10000000.0,0.05,100.0,1.0
58,2.3943809632999753,-1.0448387836840434,0.15204714238612807,0.023978887143673158,1.4909139887660632,-0.11544574573135162,-0.11544574573135162,0.38815957362010656,-0.08881375858828693,0.33302304054284415,5000000.0,0.05,250.0,10.0
58,2.4036969530541703,-0.601811950771414,0.15204714238612807,0.02137146218673443,1.721162816322602,-0.11544574573135162,-0.11544574573135162,0.38815957362010656,-0.08881375858828693,0.33302304054284415,1000000.0,0.05,250.0,1.0
58,2.4036969530541703,-0.601811950771414,0.15204714238612807,0.021371462186734413,1.7211628163226016,-0.11544574573135162,-0.11544574573135162,0.38815957362010656,-0.08881375858828693,0.33302304054284415,10000000.0,0.05,250.0,10.0
58,2.630653509253068,-1.8980798817053859,0.15204714238612801,0.024636859445992167,1.3656432890804873,-0.11544574573135162,-0.11544574573135162,0.38815957362010656,-0.08881375858828693,0.33302304054284415,1000000.0,0.05,250.0,10.0
58,2.630653509253068,-1.8980798817053859,0.152047142386128,0.02463685944599217,1.3656432890804873,-0.11544574573135162,-0.11544574573135162,0.38815957362010656,-0.08881375858828693,0.33302304054284415,10000000.0,0.05,250.0,100.0
58,2.7739287523471483,-2.174374332859946,0.152047142386128,0.02169906565755136,1.1718023362682657,-0.11544574573135162,-0.11544574573135162,0.38815957362010656,-0.08881375858828693,0.33302304054284415,5000000.0,0.05,250.0,100.0
58,2.8096040198782792,0.5482747966526516,0.15204714238612804,0.012328723776124024,1.8949060724880895,-0.11544574573135162,-0.11544574573135162,0.38815957362010656,-0.08881375858828693,0.33302304054284415,5000000.0,0.05,250.0,1.0
58,3.0494188473412827,-2.5911244943932057,0.15204714238612807,0.006707617485963376,0.7819796623937738,-0.11544574573135162,-0.11544574573135162,0.38815957362010656,-0.08881375858828693,0.33302304054284415,1000000.0,0.05,250.0,100.0
58,3.134084271352322,1.0837577750611747,0.15204714238612804,0.007062503056444655,1.9317078826568375,-0.11544574573135162,-0.11544574573135162,0.38815957362010656,-0.08881375858828693,0.33302304054284415,10000000.0,0.05,250.0,1.0
58,2.3942694698162303,-1.0446710545753966,0.15204141674378377,0.02398661040851263,1.4909521285966032,-0.11624443878861003,-0.11624443878861003,0.3848631245794977,-0.09111448939981961,0.3198616008849986,5000000.0,0.05,500.0,10.0
58,2.403558102977289,-0.6015873701118921,0.1520414167437838,0.021384377628034548,1.7199173943944834,-0.11624443878861003,-0.11624443878861003,0.3848631245794977,-0.09111448939981961,0.3198616008849986,1000000.0,0.05,500.0,1.0
58,2.403558102977289,-0.601587370111892,0.15204141674378377,0.021384377628034527,1.7199173943944837,-0.11624443878861003,-0.11624443878861003,0.3848631245794977,-0.09111448939981961,0.3198616008849986,10000000.0,0.05,500.0,10.0
58,2.630600062455508,-1.8980015740461176,0.15204141674378382,0.02463399345775807,1.3656483936018307,-0.11624443878861003,-0.11624443878861003,0.3848631245794977,-0.09111448939981961,0.3198616008849986,1000000.0,0.05,500.0,10.0
58,2.630600062455508,-1.8980015740461178,0.15204141674378382,0.024633993457758047,1.3656483936018307,-0.11624443878861003,-0.11624443878861003,0.3848631245794977,-0.09111448939981961,0.3198616008849986,10000000.0,0.05,500.0,100.0
58,2.773891816391476,-2.1743201143561004,0.15204141674378382,0.021692904111145373,1.1718615588749326,-0.11624443878861003,-0.11624443878861003,0.3848631245794977,-0.09111448939981961,0.3198616008849986,5000000.0,0.05,500.0,100.0
58,2.8094177981471917,0.548695520018493,0.15204141674378377,0.012355006400286256,1.894910838131208,-0.11624443878861003,-0.11624443878861003,0.3848631245794977,-0.09111448939981961,0.3198616008849986,5000000.0,0.05,500.0,1.0
58,3.0494044733966224,-2.591104485165575,0.15204141674378385,0.006698022811936007,0.7819884014379859,-0.11624443878861003,-0.11624443878861003,0.3848631245794977,-0.09111448939981961,0.3198616008849986,1000000.0,0.05,500.0,100.0
58,3.133898023574748,1.0842935502198476,0.15204141674378377,0.007092894767014433,1.9317122358458674,-0.11624443878861003,-0.11624443878861003,0.3848631245794977,-0.09111448939981961,0.3198616008849986,10000000.0,0.05,500.0,1.0
58,2.3959333451997478,-1.0517047117865224,0.10785472487423496,-0.030395386415254872,1.6102562666506408,-0.1313181239613074,-0.1313181239613074,0.3258133309825767,-0.10098518799242344,0.2828862230224143,5000000.0,0.01,100.0,100.0
58,2.409900786740726,-0.6066242264974858,0.10785472487423493,-0.029393676223728127,1.690426586073205,-0.1313181239613074,-0.1313181239613074,0.3258133309825767,-0.10098518799242344,0.2828862230224143,1000000.0,0.01,100.0,10.0
58,2.409900786740726,-0.6066242264974858,0.10785472487423496,-0.029393676223728123,1.690426586073205,-0.1313181239613074,-0.1313181239613074,0.3258133309825767,-0.10098518799242344,0.2828862230224143,10000000.0,0.01,100.0,100.0
58,2.650448032836067,-1.9237030102138806,0.10785472487423496,-0.03554691201517911,1.2960927808491385,-0.1313181239613074,-0.1313181239613074,0.3258133309825767,-0.10098518799242344,0.2828862230224143,1000000.0,0.01,100.0,100.0
58,2.8649222678568647,0.5051919742324189,0.10785472487423493,-0.027968574269454382,2.078686137248163,-0.1313181239613074,-0.1313181239613074,0.3258133309825767,-0.10098518799242344,0.2828862230224143,5000000.0,0.01,100.0,10.0
58,3.2148873566769876,0.9996995572531833,0.10785472487423493,-0.02749672264679652,2.076124108151003,-0.1313181239613074,-0.1313181239613074,0.3258133309825767,-0.10098518799242344,0.2828862230224143,1000000.0,0.01,100.0,1.0
58,3.2148873566769876,0.9996995572531833,0.10785472487423493,-0.02749672264679653,2.0761241081510033,-0.1313181239613074,-0.1313181239613074,0.3258133309825767,-0.10098518799242344,0.2828862230224143,10000000.0,0.01,100.0,10.0
58,4.2359130697299685,2.15906917477721,0.10785472487423493,-0.026578539899201874,2.5801881246670564,-0.1313181239613074,-0.1313181239613074,0.3258133309825767,-0.10098518799242344,0.2828862230224143,5000000.0,0.01,100.0,1.0
58,4.730305781169709,2.6602331846916774,0.10785472487423493,-0.026249776937564046,2.5938452736823154,-0.1313181239613074,-0.1313181239613074,0.3258133309825767,-0.10098518799242344,0.2828862230224143,10000000.0,0.01,100.0,1.0
58,2.2930069624779925,0.034158436358850984,0.0911363970590878,-0.047934745514231984,1.5534515603232868,-0.18588721770302383,-0.18588721770302383,0.16239328177990217,-0.1344541623072677,0.1427820713200114,5000000.0,0.01,250.0,100.0
58,2.310093370430192,-1.1652409045505114,0.09113639705908777,-0.0389890115030527,1.5040367436900104,-0.18588721770302383,-0.18588721770302383,0.16239328177990217,-0.1344541623072677,0.1427820713200114,1000000.0,0.01,250.0,100.0
58,2.4958948849130347,0.6130405085041251,0.09113639705908774,-0.05533863971108988,1.5611922036541965,-0.18588721770302383,-0.18588721770302383,0.16239328177990217,-0.1344541623072677,0.1427820713200114,1000000.0,0.01,250.0,10.0
58,2.4958948849130347,0.6130405085041251,0.0911363970590878,-0.05533863971108985,1.5611922036541965,-0.18588721770302383,-0.18588721770302383,0.16239328177990217,-0.1344541623072677,0.1427820713200114,10000000.0,0.01,250.0,100.0
58,3.3788739833358936,2.0388178223826943,0.0911363970590878,-0.07392278725954,1.5687116049137817,-0.18588721770302383,-0.18588721770302383,0.16239328177990217,-0.1344541623072677,0.1427820713200114,5000000.0,0.01,250.0,10.0
58,3.877213614399256,2.672617195713235,0.09113639705908773,-0.0810933865461129,1.5873915477130516,-0.18588721770302383,-0.18588721770302383,0.16239328177990217,-0.1344541623072677,0.1427820713200114,1000000.0,0.01,250.0,1.0
58,3.877213614399256,2.672617195713235,0.0911363970590878,-0.0810933865461129,1.5873915477130511,-0.18588721770302383,-0.18588721770302383,0.16239328177990217,-0.1344541623072677,0.1427820713200114,10000000.0,0.01,250.0,10.0
58,5.179045190161663,4.1611633145942335,0.09113639705908774,-0.09470433420020336,1.603125916685514,-0.18588721770302383,-0.18588721770302383,0.16239328177990217,-0.1344541623072677,0.1427820713200114,5000000.0,0.01,250.0,1.0
58,5.777643938023815,4.805222800909566,0.09113639705908774,-0.09936420169084358,1.6051453470872001,-0.18588721770302383,-0.18588721770302383,0.16239328177990217,-0.1344541623072677,0.1427820713200114,10000000.0,0.01,250.0,1.0
58,2.1840102139053172,-0.850469404961176,0.07563403976799879,-0.036710845074331935,1.422332844609141,-0.18676750276611556,-0.18676750276611556,0.16037777443910306,-0.13913428786729212,0.12876289280497116,1000000.0,0.01,500.0,100.0
58,2.2781004769111655,0.47331268293832174,0.07563403976799869,-0.04561545341295315,1.4212904854472004,-0.18676750276611556,-0.18676750276611556,0.16037777443910306,-0.13913428786729212,0.12876289280497116,5000000.0,0.01,500.0,100.0
58,2.55372993344238,1.100955422784335,0.07563403976799879,-0.05136036852673767,1.4005507693504171,-0.18676750276611556,-0.18676750276611556,0.16037777443910306,-0.13913428786729212,0.12876289280497116,1000000.0,0.01,500.0,10.0
58,2.55372993344238,1.100955422784335,0.07563403976799869,-0.051360368526737706,1.4005507693504171,-0.18676750276611556,-0.18676750276611556,0.16037777443910306,-0.13913428786729212,0.12876289280497116,10000000.0,0.01,500.0,100.0
58,3.5903387203838517,2.619227103378558,0.07563403976799872,-0.06423912507077242,1.3958216161247223,-0.18676750276611556,-0.18676750276611556,0.16037777443910306,-0.13913428786729212,0.12876289280497116,5000000.0,0.01,500.0,10.0
58,4.138383472800074,3.286152595728768,0.07563403976799875,-0.06886331360027177,1.3972488358751332,-0.18676750276611556,-0.18676750276611556,0.16037777443910306,-0.13913428786729212,0.12876289280497116,1000000.0,0.01,500.0,1.0
58,4.138383472800074,3.286152595728768,0.07563403976799872,-0.06886331360027179,1.3972488358751332,-0.18676750276611556,-0.18676750276611556,0.16037777443910306,-0.13913428786729212,0.12876289280497116,10000000.0,0.01,500.0,10.0
58,5.522394152191831,4.84967167496538,0.07563403976799872,-0.07686827042574415,1.3983935231387898,-0.18676750276611556,-0.18676750276611556,0.16037777443910306,-0.13913428786729212,0.12876289280497116,5000000.0,0.01,500.0,1.0
58,6.147449375113718,5.527418628182838,0.07563403976799872,-0.07931291108480301,1.3985367915538323,-0.18676750276611556,-0.18676750276611556,0.16037777443910306,-0.13913428786729212,0.12876289280497116,10000000.0,0.01,500.0,1.0
